constituency-name,parl25-deprivation-score,label,low-deprivation,medium-deprivation,high-deprivation,parl25-imd-pop-quintile,parl25-imd-pop-decile
Blackpool South,50.4804929,1st IMD quintile,0.025445884,0.310774727,0.663779388,1,1
Liverpool Riverside,49.29088149,1st IMD quintile,0.061322502,0.262675904,0.676001594,1,1
Knowsley,47.98310506,1st IMD quintile,0.048299223,0.228936683,0.722764095,1,1
East Londonderry,47.38041885,1st IMD quintile,0.0,0.209060182,0.790939818,1,1
Liverpool Walton,47.35001208,1st IMD quintile,0.065954039,0.170733682,0.763312278,1,1
Birmingham Hodge Hill and Solihull North,45.56298936,1st IMD quintile,0.060624864,0.164255128,0.775120009,1,1
Liverpool West Derby,45.32043212,1st IMD quintile,0.026050111,0.332507369,0.64144252,1,1
Bradford East,44.63252376,1st IMD quintile,0.046988488,0.241485675,0.711525838,1,1
Middlesbrough and Thornaby East,44.55629192,1st IMD quintile,0.153662104,0.228654284,0.617683612,1,1
Leeds South,44.08836101,1st IMD quintile,0.065196774,0.279270614,0.655532612,1,1
Blackley and Middleton South,43.64089776,1st IMD quintile,0.059257395,0.268337339,0.672405265,1,1
Upper Bann,43.22936789,1st IMD quintile,0.0,0.39070604,0.60929396,1,1
Sheffield Brightside and Hillsborough,42.57759839,1st IMD quintile,0.070253888,0.227089761,0.70265635,1,1
Birmingham Erdington,42.36958603,1st IMD quintile,0.009147143,0.34892181,0.641931047,1,1
Bradford West,42.20331414,1st IMD quintile,0.024250387,0.366020425,0.609729188,1,1
Birmingham Perry Barr,42.13629881,1st IMD quintile,0.012040491,0.291585003,0.696374506,1,1
Bootle,41.75899189,1st IMD quintile,0.106765115,0.273577216,0.619657669,1,1
Birmingham Yardley,41.40197977,1st IMD quintile,0.0,0.249146551,0.750853449,1,1
Mid Ulster,41.05334482,1st IMD quintile,0.0,0.241405613,0.758594387,1,1
Glasgow North East,40.6385665,1st IMD quintile,0.1242594,0.319454983,0.556285617,1,1
Manchester Central,40.53719143,1st IMD quintile,0.04159846,0.430190323,0.528211217,1,1
Bolton South and Walkden,40.49543537,1st IMD quintile,0.072972264,0.241670009,0.685357727,1,1
North Antrim,40.44026662,1st IMD quintile,0.0,0.438089644,0.561910356,1,1
Walsall and Bloxwich,40.11853207,1st IMD quintile,0.123972999,0.180142719,0.695884282,1,1
Kingston upon Hull East,39.93822777,1st IMD quintile,0.15651961,0.298892363,0.544588027,1,1
Bradford South,39.7251447,1st IMD quintile,0.034689444,0.377621831,0.587688725,1,1
Birkenhead,39.60642587,1st IMD quintile,0.163896206,0.338761049,0.497342745,1,1
Gorton and Denton,39.60270925,1st IMD quintile,0.064201246,0.231474354,0.7043244,1,1
Strangford,39.52281884,1st IMD quintile,0.0,0.411685163,0.588314837,1,1
Birmingham Northfield,39.12389119,1st IMD quintile,0.052626975,0.382980212,0.564392813,1,1
Wolverhampton South East,38.82494819,1st IMD quintile,0.024089084,0.223460392,0.752450525,1,1
Blackburn,38.67317914,1st IMD quintile,0.143604749,0.276336377,0.580058874,1,1
Rochdale,38.63208953,1st IMD quintile,0.145356864,0.288290488,0.566352647,1,1
Great Grimsby and Cleethorpes,38.60899572,1st IMD quintile,0.187526509,0.310646055,0.501827436,1,1
Birmingham Hall Green and Moseley,38.45465728,1st IMD quintile,0.036946165,0.368573557,0.594480278,1,1
Burnley,38.24548917,1st IMD quintile,0.138770634,0.315770511,0.545458855,1,1
Belfast East,38.09263647,1st IMD quintile,0.019135207,0.531683469,0.449181324,1,1
Manchester Rusholme,37.45673526,1st IMD quintile,0.0,0.521468127,0.478531873,1,1
Salford,37.3791412,1st IMD quintile,0.102787724,0.355533822,0.541678454,1,1
Stoke-on-Trent Central,37.33224332,1st IMD quintile,0.070733214,0.359226543,0.570040242,1,1
Nottingham North and Kimberley,37.26883799,1st IMD quintile,0.117845624,0.299606769,0.582547607,1,1
"Oldham West, Chadderton and Royton",37.24852979,1st IMD quintile,0.110300088,0.302731372,0.58696854,1,1
Tipton and Wednesbury,37.15099512,1st IMD quintile,0.044302776,0.353938025,0.601759199,1,1
Leeds East,37.0844016,1st IMD quintile,0.252946808,0.213875426,0.533177766,1,1
Easington,35.94000266,1st IMD quintile,0.082851618,0.391637485,0.525510897,1,1
East Antrim,35.90390921,1st IMD quintile,0.023228164,0.58092642,0.395845416,1,1
Glasgow East,35.54586076,1st IMD quintile,0.189397305,0.331774113,0.478828582,1,1
Kingston upon Hull North and Cottingham,35.23674382,1st IMD quintile,0.212177017,0.341044466,0.446778517,1,1
Leicester West,35.17903098,1st IMD quintile,0.08611494,0.489267428,0.424617632,1,1
Derby South,35.14526766,1st IMD quintile,0.144548366,0.259380739,0.596070895,1,1
Barnsley South,35.14056349,1st IMD quintile,0.058122012,0.472008591,0.469869397,1,2
Tottenham,35.13690757,1st IMD quintile,0.0,0.4975984,0.5024016,1,2
Rotherham,34.97822708,1st IMD quintile,0.211019302,0.299785903,0.489194795,1,2
Newcastle upon Tyne Central and West,34.96544524,1st IMD quintile,0.100343215,0.458969543,0.440687242,1,2
Belfast South and Mid Down,34.75969564,1st IMD quintile,0.03271802,0.694071709,0.273210271,1,2
Wallasey,34.60798423,1st IMD quintile,0.179550955,0.38656705,0.433881996,1,2
Jarrow and Gateshead East,34.58099765,1st IMD quintile,0.132848713,0.342690668,0.524460619,1,2
Hartlepool,34.55396778,1st IMD quintile,0.280479463,0.213632489,0.505888048,1,2
Nottingham East,34.55323521,1st IMD quintile,0.046394815,0.475141777,0.478463408,1,2
Wythenshawe and Sale East,34.34540078,1st IMD quintile,0.267393873,0.220361785,0.512244341,1,2
Ashton-under-Lyne,34.33433661,1st IMD quintile,0.056264051,0.494097366,0.449638583,1,2
Liverpool Wavertree,34.27131535,1st IMD quintile,0.183933556,0.370116994,0.44594945,1,2
Clacton,34.25831698,1st IMD quintile,0.086142618,0.560821969,0.353035412,1,2
Stockton North,34.23059256,1st IMD quintile,0.21223177,0.329153665,0.458614565,1,2
Smethwick,34.22732346,1st IMD quintile,0.038378295,0.432096661,0.529525043,1,2
Sheffield Heeley,34.19902314,1st IMD quintile,0.191654272,0.341332011,0.467013717,1,2
East Thanet,34.17161129,1st IMD quintile,0.189542179,0.36533291,0.445124911,1,2
Blaenau Gwent and Rhymney,34.0517472,1st IMD quintile,0.01202307,0.533704265,0.454272665,1,2
Hackney South and Shoreditch,34.02653453,1st IMD quintile,0.0,0.548525567,0.451474433,1,2
St Helens South and Whiston,33.91342599,1st IMD quintile,0.18556774,0.36171698,0.45271528,1,2
Coventry East,33.84986203,1st IMD quintile,0.088989398,0.496971335,0.414039267,1,2
Bolton North East,33.834956,1st IMD quintile,0.26903808,0.235168032,0.495793888,1,2
Bristol South,33.80886351,1st IMD quintile,0.250962641,0.343640693,0.405396667,1,2
South Antrim,33.67459861,1st IMD quintile,0.0,0.687684488,0.312315512,1,2
West Bromwich,33.62532495,1st IMD quintile,0.041628064,0.42899406,0.529377876,1,2
Hyndburn,33.55412112,1st IMD quintile,0.20945256,0.325991852,0.464555588,1,2
Barking,33.47561621,1st IMD quintile,0.0,0.522415931,0.477584069,1,2
Preston,33.29972998,1st IMD quintile,0.157792066,0.331449574,0.51075836,1,2
Great Yarmouth,33.29233556,1st IMD quintile,0.133868889,0.481507208,0.384623903,1,2
Heywood and Middleton North,33.09764556,1st IMD quintile,0.211560494,0.366746076,0.42169343,1,2
Blyth and Ashington,33.09452271,1st IMD quintile,0.187748062,0.299311061,0.512940877,1,2
Oldham East and Saddleworth,33.03421995,1st IMD quintile,0.311559076,0.207748733,0.480692191,1,2
Hastings and Rye,32.98822358,1st IMD quintile,0.128392282,0.473392328,0.39821539,1,2
Wolverhampton North East,32.8622072,1st IMD quintile,0.124713438,0.362151554,0.513135007,1,2
Dewsbury and Batley,32.85022839,1st IMD quintile,0.150215075,0.368631049,0.481153876,1,2
Birmingham Edgbaston,32.48623949,1st IMD quintile,0.151745786,0.442022864,0.406231351,1,2
Rhondda and Ogmore,32.4841224,1st IMD quintile,0.045532553,0.601367055,0.353100391,1,2
Stoke-on-Trent North,32.4548945,1st IMD quintile,0.153935304,0.379641659,0.466423037,1,2
Newcastle upon Tyne East and Wallsend,32.44433207,1st IMD quintile,0.222742372,0.422379297,0.354878331,1,2
Aberafan Maesteg,32.41395123,1st IMD quintile,0.144453337,0.399576655,0.455970008,1,2
Leeds West and Pudsey,32.37861048,1st IMD quintile,0.241952326,0.382312187,0.375735486,1,2
Dudley,32.29096481,1st IMD quintile,0.203743595,0.307203117,0.489053287,1,2
St Helens North,32.1008017,1st IMD quintile,0.228292117,0.354199683,0.4175082,1,2
Sheffield South East,32.0846148,1st IMD quintile,0.214857641,0.375119493,0.410022866,1,2
Redcar,31.92793998,1st IMD quintile,0.243110572,0.377864384,0.379025045,1,2
Glasgow South West,31.90213633,1st IMD quintile,0.219922837,0.344987299,0.435089864,1,2
North Down,31.87862518,1st IMD quintile,0.0,0.624936171,0.375063829,1,2
Plymouth Sutton and Devonport,31.82122149,1st IMD quintile,0.150712739,0.463067178,0.386220084,1,2
Halifax,31.68678643,1st IMD quintile,0.184967252,0.352947276,0.462085472,1,2
Peterborough,31.623519,1st IMD quintile,0.132016137,0.338362822,0.529621041,1,2
Kingston upon Hull West and Haltemprice,31.50524278,1st IMD quintile,0.312062399,0.301867739,0.386069862,1,2
Sunderland Central,31.42676335,1st IMD quintile,0.198142141,0.406130404,0.395727455,1,2
Doncaster North,31.41360968,1st IMD quintile,0.215205646,0.41669506,0.368099294,1,2
Rawmarsh and Conisbrough,31.35802756,1st IMD quintile,0.157693868,0.475681257,0.366624876,1,2
South Shields,31.24491883,1st IMD quintile,0.197431831,0.401598155,0.400970014,1,2
Liverpool Garston,31.15402711,1st IMD quintile,0.290843842,0.313450788,0.39570537,1,2
Lagan Valley,31.14846393,1st IMD quintile,0.0,0.754822796,0.245177204,1,2
Stockport,31.04314855,1st IMD quintile,0.246350238,0.422329591,0.331320171,1,2
Newport East,31.03424858,1st IMD quintile,0.223662689,0.328918999,0.447418312,1,2
Peckham,30.99943097,1st IMD quintile,0.0,0.626106107,0.373893893,1,2
Birmingham Selly Oak,30.98721617,1st IMD quintile,0.065513312,0.589999683,0.344487005,1,2
Hackney North and Stoke Newington,30.86124528,2nd IMD quintile,0.0,0.733112148,0.266887852,2,3
Barnsley North,30.63432737,2nd IMD quintile,0.129587137,0.499397461,0.371015402,2,3
Houghton and Sunderland South,30.62069772,2nd IMD quintile,0.193280499,0.425263666,0.381455834,2,3
"Pontefract, Castleford and Knottingley",30.59200888,2nd IMD quintile,0.221695347,0.393108864,0.385195789,2,3
West Ham and Beckton,30.53510255,2nd IMD quintile,0.026788158,0.611579111,0.361632732,2,3
Widnes and Halewood,30.53011275,2nd IMD quintile,0.251607165,0.340951361,0.407441475,2,3
Bristol East,30.51246462,2nd IMD quintile,0.14274047,0.53579753,0.321462,2,3
Gateshead Central and Whickham,30.47544159,2nd IMD quintile,0.237361237,0.421601456,0.341037307,2,3
Doncaster Central,30.29701996,2nd IMD quintile,0.277302832,0.319752315,0.402944854,2,3
Stalybridge and Hyde,30.15892667,2nd IMD quintile,0.215078981,0.359608489,0.42531253,2,3
Washington and Gateshead South,30.1539609,2nd IMD quintile,0.218726488,0.409782996,0.371490516,2,3
Huddersfield,30.1191522,2nd IMD quintile,0.175641532,0.411819976,0.412538492,2,3
Bethnal Green and Stepney,30.10725263,2nd IMD quintile,0.046210156,0.63299101,0.320798834,2,3
Swansea West,29.8843242,2nd IMD quintile,0.235536829,0.404732766,0.359730405,2,3
Merthyr Tydfil and Aberdare,29.85316581,2nd IMD quintile,0.104571744,0.58542411,0.310004145,2,3
Sittingbourne and Sheppey,29.67110876,2nd IMD quintile,0.198427816,0.519723839,0.281848344,2,3
Boston and Skegness,29.67008999,2nd IMD quintile,0.172253251,0.549068429,0.27867832,2,3
Croydon West,29.61607728,2nd IMD quintile,0.0,0.754473952,0.245526048,2,3
Queen's Park and Maida Vale,29.54262903,2nd IMD quintile,0.127200422,0.539947211,0.332852367,2,3
Nottingham South,29.48728021,2nd IMD quintile,0.234575495,0.346711774,0.418712731,2,3
Dundee Central,29.46368985,2nd IMD quintile,0.30784832,0.315391957,0.376759723,2,3
Torbay,29.38171658,2nd IMD quintile,0.208543697,0.535834715,0.255621588,2,3
Brent East,29.38170608,2nd IMD quintile,0.029583695,0.70582444,0.264591865,2,3
Telford,29.30636851,2nd IMD quintile,0.242366357,0.43740364,0.320230003,2,3
Portsmouth South,29.23299177,2nd IMD quintile,0.07591877,0.710524492,0.213556738,2,3
Lewisham East,29.19566079,2nd IMD quintile,0.079565291,0.593614505,0.326820204,2,3
West Dunbartonshire,29.08548553,2nd IMD quintile,0.201664955,0.428606952,0.369728093,2,3
Normanton and Hemsworth,28.99083869,2nd IMD quintile,0.169636854,0.478711353,0.351651793,2,3
Plymouth Moor View,28.96578098,2nd IMD quintile,0.184182233,0.504707549,0.311110218,2,3
Leicester South,28.92856171,2nd IMD quintile,0.1789833,0.46402092,0.35699578,2,3
Bishop Auckland,28.91840935,2nd IMD quintile,0.184264703,0.517552051,0.298183246,2,3
Stratford and Bow,28.83076661,2nd IMD quintile,0.0,0.823508021,0.176491979,2,3
Mansfield,28.50884457,2nd IMD quintile,0.253162936,0.348549578,0.398287486,2,3
Coatbridge and Bellshill,28.32626565,2nd IMD quintile,0.273498727,0.391427476,0.335073798,2,3
Islington North,28.31367762,2nd IMD quintile,0.048200462,0.684454737,0.267344801,2,3
Northampton North,28.20077271,2nd IMD quintile,0.184699554,0.490608432,0.324692014,2,3
Leigh and Atherton,28.17572353,2nd IMD quintile,0.335371,0.306600565,0.358028434,2,3
Southampton Test,27.89573904,2nd IMD quintile,0.217977172,0.451701543,0.330321285,2,3
Southend East and Rochford,27.88737376,2nd IMD quintile,0.279179192,0.397544816,0.323275992,2,3
Edmonton and Winchmore Hill,27.863175,2nd IMD quintile,0.200532169,0.424356963,0.375110869,2,3
Wigan,27.84457805,2nd IMD quintile,0.320699989,0.330979004,0.348321007,2,3
Middlesbrough South and East Cleveland,27.63050106,2nd IMD quintile,0.379321682,0.273278751,0.347399567,2,3
Leicester East,27.58047196,2nd IMD quintile,0.095316606,0.638389407,0.266293987,2,3
Glasgow North,27.55355228,2nd IMD quintile,0.41807168,0.27070017,0.31122815,2,3
Glenrothes and Mid Fife,27.51459586,2nd IMD quintile,0.23239752,0.46443677,0.30316571,2,3
Cardiff East,27.48254638,2nd IMD quintile,0.251143365,0.458266054,0.290590581,2,3
Lowestoft,27.46615527,2nd IMD quintile,0.255847177,0.459804482,0.284348341,2,3
Luton South and South Bedfordshire,27.42732348,2nd IMD quintile,0.139952641,0.48798073,0.372066629,2,3
Brighton Kemptown and Peacehaven,27.39776462,2nd IMD quintile,0.323862391,0.383229356,0.292908254,2,3
Ashfield,27.39154573,2nd IMD quintile,0.177094369,0.509178144,0.313727488,2,3
Vauxhall and Camberwell Green,27.34480083,2nd IMD quintile,0.049428412,0.792625586,0.157946002,2,3
Southampton Itchen,27.29955186,2nd IMD quintile,0.162811582,0.586916295,0.250272124,2,3
Enfield North,27.29247169,2nd IMD quintile,0.175513998,0.52809607,0.296389932,2,3
Runcorn and Helsby,27.23756646,2nd IMD quintile,0.444684759,0.188054108,0.367261133,2,3
Blackpool North and Fleetwood,27.18335571,2nd IMD quintile,0.255218043,0.492998703,0.251783254,2,3
Wolverhampton West,27.14515639,2nd IMD quintile,0.270890771,0.391016805,0.338092425,2,3
Darlington,27.07701932,2nd IMD quintile,0.303683298,0.379910213,0.316406489,2,3
Airdrie and Shotts,27.06766671,2nd IMD quintile,0.242884819,0.426870918,0.330244263,2,3
Barrow and Furness,26.90910472,2nd IMD quintile,0.295062688,0.415683227,0.289254085,2,3
Walthamstow,26.89867453,2nd IMD quintile,0.024537286,0.744266953,0.231195761,2,3
Islington South and Finsbury,26.86185057,2nd IMD quintile,0.092301483,0.719109708,0.188588809,2,3
Newton Aycliffe and Spennymoor,26.71050247,2nd IMD quintile,0.21125652,0.47053638,0.318207101,2,4
Dagenham and Rainham,26.70482969,2nd IMD quintile,0.176574129,0.54294088,0.280484991,2,4
Lewisham North,26.70466886,2nd IMD quintile,0.054588918,0.780351125,0.165059958,2,4
Scarborough and Whitby,26.64715228,2nd IMD quintile,0.29838303,0.429768313,0.271848657,2,4
Bury South,26.58944768,2nd IMD quintile,0.244070273,0.505827783,0.250101944,2,4
Clwyd North,26.58938917,2nd IMD quintile,0.324937411,0.419363667,0.255698923,2,4
Glasgow South,26.55826852,2nd IMD quintile,0.368075062,0.359082397,0.272842541,2,4
Ipswich,26.45675611,2nd IMD quintile,0.268757731,0.423732108,0.307510161,2,4
Whitehaven and Workington,26.32040595,2nd IMD quintile,0.266202358,0.468664369,0.265133272,2,4
Wakefield and Rothwell,26.30045072,2nd IMD quintile,0.347997957,0.357092548,0.294909494,2,4
Inverclyde and Renfrewshire West,26.16730413,2nd IMD quintile,0.449717013,0.202603699,0.347679288,2,4
Camborne and Redruth,26.1313935,2nd IMD quintile,0.147310176,0.645587925,0.207101899,2,4
"Motherwell, Wishaw and Carluke",26.04416563,2nd IMD quintile,0.31853721,0.38825486,0.293207929,2,4
Rossendale and Darwen,26.03317841,2nd IMD quintile,0.356927711,0.385741078,0.257331212,2,4
Glasgow West,26.02080749,2nd IMD quintile,0.381142625,0.26845739,0.350399985,2,4
Worsley and Eccles,25.79585334,2nd IMD quintile,0.351265125,0.397348437,0.251386438,2,4
Scunthorpe,25.76869652,2nd IMD quintile,0.323057209,0.351619882,0.325322909,2,4
Stourbridge,25.72604949,2nd IMD quintile,0.310691644,0.346089717,0.343218639,2,4
Keighley and Ilkley,25.71443797,2nd IMD quintile,0.439161318,0.248636739,0.312201944,2,4
Folkestone and Hythe,25.66529011,2nd IMD quintile,0.190218522,0.590041623,0.219739854,2,4
Leeds Central and Headingley,25.62369398,2nd IMD quintile,0.22297079,0.538053928,0.238975282,2,4
North East Cambridgeshire,25.61847238,2nd IMD quintile,0.166745214,0.645262641,0.187992145,2,4
Ellesmere Port and Bromborough,25.61520816,2nd IMD quintile,0.415973378,0.246227048,0.337799574,2,4
North Durham,25.40667068,2nd IMD quintile,0.258189287,0.474749265,0.267061448,2,4
Pendle and Clitheroe,25.25691519,2nd IMD quintile,0.369687494,0.350045825,0.280266681,2,4
Erith and Thamesmead,25.23624315,2nd IMD quintile,0.079106358,0.803167251,0.11772639,2,4
Cardiff West,25.18653269,2nd IMD quintile,0.453481225,0.216735933,0.329782842,2,4
Louth and Horncastle,25.15431816,2nd IMD quintile,0.221140655,0.599620723,0.179238622,2,4
"Ayr, Carrick and Cumnock",25.10423057,2nd IMD quintile,0.277263,0.503604596,0.219132404,2,4
Clapham and Brixton Hill,25.08813808,2nd IMD quintile,0.0683829,0.785557621,0.14605948,2,4
Leeds South West and Morley,25.05528765,2nd IMD quintile,0.251130164,0.495265004,0.253604832,2,4
North West Norfolk,25.02792886,2nd IMD quintile,0.17285114,0.637643394,0.189505467,2,4
Portsmouth North,25.00160655,2nd IMD quintile,0.220549061,0.506780325,0.272670614,2,4
Manchester Withington,24.91757073,2nd IMD quintile,0.230775337,0.597408267,0.171816396,2,4
Halesowen,24.89282336,2nd IMD quintile,0.292841112,0.473857887,0.233301,2,4
North Ayrshire and Arran,24.87416352,2nd IMD quintile,0.373100684,0.323306432,0.303592884,2,4
Neath and Swansea East,24.7326936,2nd IMD quintile,0.292733571,0.46209333,0.245173099,2,4
Weston-super-Mare,24.72944584,2nd IMD quintile,0.385443583,0.366084246,0.248472171,2,4
Norwich South,24.69308042,2nd IMD quintile,0.367767462,0.32786286,0.304369677,2,4
Stoke-on-Trent South,24.5784416,2nd IMD quintile,0.392625956,0.327479474,0.27989457,2,4
Bolsover,24.54305318,2nd IMD quintile,0.213463294,0.595737998,0.190798708,2,4
Torfaen,24.5337796,2nd IMD quintile,0.251998169,0.491076085,0.256925746,2,4
Poplar and Limehouse,24.51829294,2nd IMD quintile,0.231348148,0.549491358,0.219160494,2,4
Paisley and Renfrewshire South,24.50688863,2nd IMD quintile,0.382056127,0.326180042,0.291763831,2,4
Hayes and Harlington,24.4718974,2nd IMD quintile,0.081869623,0.833012945,0.085117433,2,4
Llanelli,24.45943144,2nd IMD quintile,0.136585366,0.703222052,0.160192582,2,4
Chesterfield,24.45295926,2nd IMD quintile,0.301838686,0.435751767,0.262409547,2,4
Kilmarnock and Loudoun,24.44047395,2nd IMD quintile,0.377765115,0.359388673,0.262846212,2,4
Ealing Southall,24.42352302,2nd IMD quintile,0.189214722,0.612572328,0.19821295,2,4
Isle of Wight East,24.33599382,2nd IMD quintile,0.229571824,0.63468076,0.135747416,2,4
St Austell and Newquay,24.28325202,2nd IMD quintile,0.20008518,0.660162035,0.139752785,2,4
Chatham and Aylesford,24.2752482,2nd IMD quintile,0.367099156,0.362323256,0.270577588,2,4
Bermondsey and Old Southwark,24.25741222,2nd IMD quintile,0.173369964,0.740110058,0.086519978,2,4
Bristol North East,24.2232742,2nd IMD quintile,0.198856447,0.664081439,0.137062113,2,4
Lincoln,24.19109568,2nd IMD quintile,0.362769602,0.393994477,0.243235921,2,4
St Ives,24.16079731,2nd IMD quintile,0.134898731,0.759474965,0.105626304,2,4
Makerfield,24.15220767,2nd IMD quintile,0.357363769,0.378740752,0.263895479,2,4
Warrington North,24.12910469,2nd IMD quintile,0.403337983,0.296698409,0.299963608,2,4
Dulwich and West Norwood,24.09402533,2nd IMD quintile,0.187797693,0.593982641,0.218219666,2,4
Nuneaton,24.01771037,2nd IMD quintile,0.329063915,0.444264655,0.22667143,2,4
Hamilton and Clyde Valley,23.98970226,2nd IMD quintile,0.372424271,0.383069034,0.244506695,2,4
Greenwich and Woolwich,23.91246932,2nd IMD quintile,0.222303671,0.647555218,0.130141111,2,4
Havant,23.86880288,2nd IMD quintile,0.358268655,0.308674342,0.333057003,2,4
Basildon and Billericay,23.82405165,2nd IMD quintile,0.289305356,0.49294924,0.217745404,2,4
Holborn and St Pancras,23.81610479,2nd IMD quintile,0.181660041,0.636281708,0.18205825,2,4
Bury North,23.75412469,3rd IMD quintile,0.398417656,0.340194547,0.261387797,3,5
Gloucester,23.7411729,3rd IMD quintile,0.395019291,0.310943529,0.29403718,3,5
Rother Valley,23.73921872,3rd IMD quintile,0.479012177,0.305206463,0.21578136,3,5
Paisley and Renfrewshire North,23.73092123,3rd IMD quintile,0.370090503,0.369059208,0.260850289,3,5
Feltham and Heston,23.71575444,3rd IMD quintile,0.045180915,0.861311951,0.093507135,3,5
Caerphilly,23.63830031,3rd IMD quintile,0.278354978,0.525712272,0.195932749,3,5
Rutherglen,23.5330787,3rd IMD quintile,0.442865402,0.287738477,0.269396121,3,5
North Cornwall,23.48819728,3rd IMD quintile,0.07478986,0.845074732,0.080135408,3,5
Bridgwater,23.47222552,3rd IMD quintile,0.291268173,0.512342206,0.196389621,3,5
Ealing North,23.41430087,3rd IMD quintile,0.19749899,0.659212578,0.143288433,3,5
Bassetlaw,23.40962833,3rd IMD quintile,0.359642025,0.422615263,0.217742712,3,5
Pontypridd,23.34550983,3rd IMD quintile,0.370293745,0.433228141,0.196478115,3,5
Dover and Deal,23.14741697,3rd IMD quintile,0.308782246,0.478082322,0.213135432,3,5
Derby North,23.09675189,3rd IMD quintile,0.310245565,0.509663964,0.180090471,3,5
Luton North,23.08832584,3rd IMD quintile,0.252416263,0.582574785,0.165008953,3,5
Gillingham and Rainham,23.00294566,3rd IMD quintile,0.402092792,0.383873419,0.214033789,3,5
Bedford,22.92099868,3rd IMD quintile,0.339449958,0.475171831,0.185378211,3,5
Southgate and Wood Green,22.90661815,3rd IMD quintile,0.274125594,0.525934595,0.199939811,3,5
Central Ayrshire,22.8786449,3rd IMD quintile,0.343579558,0.421934722,0.23448572,3,5
Stretford and Urmston,22.86149084,3rd IMD quintile,0.309823606,0.552593165,0.137583229,3,5
South Basildon and East Thurrock,22.7901284,3rd IMD quintile,0.336029427,0.48741155,0.176559023,3,5
Wyre Forest,22.78401023,3rd IMD quintile,0.354256548,0.428606688,0.217136764,3,5
Streatham and Croydon North,22.78348449,3rd IMD quintile,0.12215706,0.809205014,0.068637925,3,5
Bridlington and The Wolds,22.73967134,3rd IMD quintile,0.40368885,0.421688659,0.174622491,3,5
Morecambe and Lunesdale,22.60143613,3rd IMD quintile,0.444028598,0.355282128,0.200689274,3,5
Slough,22.57610387,3rd IMD quintile,0.168454461,0.7518501,0.079695439,3,5
Leeds North East,22.54036112,3rd IMD quintile,0.515202673,0.221207329,0.263589999,3,5
Croydon East,22.51299542,3rd IMD quintile,0.376647711,0.360536759,0.26281553,3,5
Coventry North West,22.509102,3rd IMD quintile,0.314900869,0.498906854,0.186192277,3,5
Thurrock,22.50328256,3rd IMD quintile,0.282960475,0.584465076,0.132574448,3,5
Rochester and Strood,22.27044078,3rd IMD quintile,0.277584077,0.62414329,0.098272633,3,5
Isle of Wight West,22.23780749,3rd IMD quintile,0.216357456,0.669338621,0.114303923,3,5
South West Norfolk,22.23576297,3rd IMD quintile,0.177867177,0.721841701,0.100291122,3,5
Carlisle,22.15249197,3rd IMD quintile,0.36100959,0.48549072,0.15349969,3,5
Eastbourne,22.14463765,3rd IMD quintile,0.284726975,0.532671454,0.182601571,3,5
Doncaster East and the Isle of Axholme,22.08269337,3rd IMD quintile,0.401019632,0.38801718,0.210963188,3,5
Spen Valley,22.08013143,3rd IMD quintile,0.381666839,0.460311346,0.158021815,3,5
Ilford South,21.96555602,3rd IMD quintile,0.121275988,0.780485484,0.098238527,3,5
Coventry South,21.94515265,3rd IMD quintile,0.306581644,0.564205403,0.129212953,3,5
Ealing Central and Acton,21.93587599,3rd IMD quintile,0.249890716,0.641631872,0.108477412,3,5
Hammersmith and Chiswick,21.90927905,3rd IMD quintile,0.298669018,0.55857157,0.142759412,3,5
South Dorset,21.88306066,3rd IMD quintile,0.353483177,0.495662233,0.15085459,3,5
Hazel Grove,21.77639867,3rd IMD quintile,0.400349769,0.4388533,0.160796931,3,5
Bournemouth West,21.77573711,3rd IMD quintile,0.31402571,0.592331139,0.093643151,3,5
Gravesham,21.76374324,3rd IMD quintile,0.376616576,0.423615332,0.199768092,3,5
Torridge and Tavistock,21.76161176,3rd IMD quintile,0.167271918,0.788715013,0.044013069,3,5
Redditch,21.73945411,3rd IMD quintile,0.421655339,0.33599189,0.242352771,3,5
Eltham and Chislehurst,21.71819789,3rd IMD quintile,0.355709148,0.493179176,0.151111676,3,5
South East Cornwall,21.57972686,3rd IMD quintile,0.217646668,0.689242102,0.093111229,3,5
Mid and South Pembrokeshire,21.56150976,3rd IMD quintile,0.292779878,0.570962067,0.136258054,3,5
Leyton and Wanstead,21.48000204,3rd IMD quintile,0.290285584,0.627080974,0.082633442,3,5
Bournemouth East,21.47393312,3rd IMD quintile,0.35802819,0.47458913,0.16738268,3,5
Cardiff South and Penarth,21.45509458,3rd IMD quintile,0.378079578,0.428533794,0.193386628,3,5
Brent West,21.38803069,3rd IMD quintile,0.195047351,0.76448588,0.040466769,3,5
Tynemouth,21.25671241,3rd IMD quintile,0.532735444,0.226782285,0.240482271,3,5
Bristol North West,21.23960246,3rd IMD quintile,0.461401584,0.307810037,0.230788379,3,5
Bognor Regis and Littlehampton,21.18346473,3rd IMD quintile,0.306543971,0.567250874,0.126205155,3,5
Norwich North,21.14625337,3rd IMD quintile,0.442590765,0.327329293,0.230079942,3,5
Alloa and Grangemouth,21.1426064,3rd IMD quintile,0.388279842,0.432579066,0.179141092,3,5
Blaydon and Consett,21.13787889,3rd IMD quintile,0.256460237,0.641504503,0.10203526,3,5
Southport,20.87189671,3rd IMD quintile,0.371495691,0.504277413,0.124226895,3,5
Bolton West,20.81320509,3rd IMD quintile,0.447722899,0.372220852,0.180056249,3,5
Lewisham West and East Dulwich,20.80324236,3rd IMD quintile,0.176141579,0.794640176,0.029218245,3,5
Amber Valley,20.77951805,3rd IMD quintile,0.342257397,0.516532628,0.141209975,3,5
Wellingborough and Rushden,20.72855913,3rd IMD quintile,0.412224956,0.444871532,0.142903512,3,6
Erewash,20.71555838,3rd IMD quintile,0.442155521,0.401417943,0.156426536,3,6
Newport West and Islwyn,20.69671051,3rd IMD quintile,0.323179072,0.553981914,0.122839014,3,6
Kensington and Bayswater,20.67278694,3rd IMD quintile,0.459023975,0.368303241,0.172672784,3,6
Brentford and Isleworth,20.59103599,3rd IMD quintile,0.258637373,0.663427982,0.077934645,3,6
Worcester,20.55670792,3rd IMD quintile,0.47546976,0.348985398,0.175544842,3,6
Cowdenbeath and Kirkcaldy,20.51291732,3rd IMD quintile,0.431978074,0.372057788,0.195964139,3,6
Gainsborough,20.50873368,3rd IMD quintile,0.430441009,0.399374915,0.170184076,3,6
Falkirk,20.49083587,3rd IMD quintile,0.409426485,0.44319698,0.147376536,3,6
Cannock Chase,20.45915397,3rd IMD quintile,0.363053532,0.53580715,0.101139318,3,6
North Devon,20.40327974,3rd IMD quintile,0.363703742,0.522754645,0.113541613,3,6
Cramlington and Killingworth,20.40104463,3rd IMD quintile,0.379346701,0.513150711,0.107502589,3,6
Herne Bay and Sandwich,20.32026262,3rd IMD quintile,0.337858612,0.567350117,0.094791272,3,6
Wrexham,20.28741525,3rd IMD quintile,0.467211136,0.412355166,0.120433698,3,6
Sheffield Central,20.26509279,3rd IMD quintile,0.334550702,0.528499067,0.136950232,3,6
Corby and East Northamptonshire,20.21199097,3rd IMD quintile,0.454935067,0.403661418,0.141403515,3,6
Burton and Uttoxeter,20.19756625,3rd IMD quintile,0.399168725,0.410319976,0.190511299,3,6
Sherwood Forest,20.15680857,3rd IMD quintile,0.331548947,0.540659629,0.127791424,3,6
Crewe and Nantwich,20.08975508,3rd IMD quintile,0.466346371,0.326277194,0.207376435,3,6
Calder Valley,20.05633346,3rd IMD quintile,0.351168199,0.546809709,0.102022092,3,6
North Warwickshire and Bedworth,20.03444512,3rd IMD quintile,0.355887428,0.556530817,0.087581755,3,6
Arbroath and Broughty Ferry,19.94091103,3rd IMD quintile,0.538911894,0.294833671,0.166254435,3,6
Meriden and Solihull East,19.90602088,3rd IMD quintile,0.480255827,0.326169808,0.193574365,3,6
West Lancashire,19.87987984,3rd IMD quintile,0.482186751,0.33576419,0.182049059,3,6
Caerfyrddin,19.8647078,3rd IMD quintile,0.202480216,0.797519784,0.0,3,6
Ynys MÃ´n,19.77929442,3rd IMD quintile,0.284425282,0.601958797,0.113615922,3,6
Montgomeryshire and Glynd?r,19.70954362,3rd IMD quintile,0.306778205,0.615581281,0.077640514,3,6
Mid Cheshire,19.70204093,3rd IMD quintile,0.48526878,0.375516885,0.139214335,3,6
Dumfries and Galloway,19.70129901,3rd IMD quintile,0.336758422,0.570406439,0.092835139,3,6
Dartford,19.67773259,3rd IMD quintile,0.37560239,0.498308181,0.126089429,3,6
Northampton South,19.64924242,3rd IMD quintile,0.458550271,0.398787846,0.142661883,3,6
Swindon South,19.64707637,3rd IMD quintile,0.482943529,0.338404569,0.178651901,3,6
Faversham and Mid Kent,19.50981057,3rd IMD quintile,0.463742823,0.391089649,0.145167528,3,6
Tiverton and Minehead,19.43113659,3rd IMD quintile,0.298290877,0.701709123,0.0,3,6
North West Cambridgeshire,19.38318128,3rd IMD quintile,0.391146097,0.494767836,0.114086067,3,6
Newcastle-under-Lyme,19.34546614,3rd IMD quintile,0.446028967,0.4538931,0.100077933,3,6
Hereford and South Herefordshire,19.31590877,3rd IMD quintile,0.250603957,0.669577805,0.079818238,3,6
Colchester,19.28639402,3rd IMD quintile,0.37135438,0.529761954,0.098883666,3,6
Shipley,19.2762223,3rd IMD quintile,0.474079196,0.388125202,0.137795602,3,6
Hendon,19.2748543,3rd IMD quintile,0.358926483,0.614911255,0.026162263,3,6
Edinburgh East and Musselburgh,19.09401885,3rd IMD quintile,0.495140928,0.378640634,0.126218438,3,6
Livingston,19.09116035,3rd IMD quintile,0.453299787,0.434602866,0.112097347,3,6
Mitcham and Morden,19.02199716,3rd IMD quintile,0.374486873,0.602988583,0.022524544,3,6
North Northumberland,19.00741568,3rd IMD quintile,0.352697095,0.615187141,0.032115763,3,6
Vale of Glamorgan,18.99503581,3rd IMD quintile,0.530617586,0.298606531,0.170775883,3,6
Cumbernauld and Kirkintilloch,18.98079592,3rd IMD quintile,0.423438239,0.478434694,0.098127068,3,6
Harlow,18.98029162,3rd IMD quintile,0.326424915,0.673575085,0.0,3,6
Tamworth,18.97998556,3rd IMD quintile,0.400894083,0.466727475,0.132378442,3,6
Crawley,18.9668022,3rd IMD quintile,0.280271153,0.704632191,0.015096656,3,6
South Devon,18.92131707,3rd IMD quintile,0.345520832,0.60827842,0.046200748,3,6
Lancaster and Wyre,18.85129834,3rd IMD quintile,0.490628345,0.411655996,0.097715659,3,6
Yeovil,18.83897348,3rd IMD quintile,0.351871678,0.55279509,0.095333231,3,6
Penistone and Stocksbridge,18.83639526,3rd IMD quintile,0.539327221,0.326767791,0.133904988,3,6
Hornsey and Friern Barnet,18.80721636,3rd IMD quintile,0.389680711,0.535656682,0.074662607,3,6
Kettering,18.803501,3rd IMD quintile,0.520972506,0.369334242,0.109693252,3,6
Bristol Central,18.75398744,3rd IMD quintile,0.4638311,0.375651881,0.160517019,3,6
Midlothian,18.74626192,3rd IMD quintile,0.416396279,0.506402769,0.077200952,3,6
City of Durham,18.74230965,3rd IMD quintile,0.497847814,0.375708928,0.126443258,3,6
Bathgate and Linlithgow,18.60932459,3rd IMD quintile,0.504393172,0.401682491,0.093924337,3,6
"Caithness, Sutherland and Easter Ross",18.60689475,3rd IMD quintile,0.378777097,0.543811824,0.077411078,3,6
Gosport,18.55886677,3rd IMD quintile,0.480843936,0.377248832,0.141907232,3,6
Stevenage,18.54521097,3rd IMD quintile,0.290682889,0.671393549,0.037923563,3,6
"Brecon, Radnor and Cwm Tawe",18.47665833,3rd IMD quintile,0.375537158,0.611843036,0.012619807,3,6
Ceredigion Preseli,18.4328164,3rd IMD quintile,0.227096842,0.760217528,0.012685631,3,6
Bexhill and Battle,18.30970849,3rd IMD quintile,0.410648038,0.516157034,0.073194928,3,6
Swindon North,18.30387762,3rd IMD quintile,0.625689583,0.231288491,0.143021926,3,6
Chingford and Woodford Green,18.22534646,4th IMD quintile,0.406652431,0.537606767,0.055740802,4,7
The Wrekin,18.20416752,4th IMD quintile,0.452156138,0.47347842,0.074365442,4,7
Dwyfor Meirionnydd,18.2006393,4th IMD quintile,0.307467714,0.645627392,0.046904895,4,7
Ashford,18.18578718,4th IMD quintile,0.472815971,0.396870065,0.130313964,4,7
Oxford East,18.13859992,4th IMD quintile,0.430912439,0.462502198,0.106585364,4,7
North Shropshire,18.13613029,4th IMD quintile,0.382541493,0.566506725,0.050951782,4,7
Taunton and Wellington,18.13199252,4th IMD quintile,0.393455297,0.486996293,0.11954841,4,7
Harwich and North Essex,18.08441105,4th IMD quintile,0.459522837,0.443223606,0.097253557,4,7
Mid Norfolk,18.07776084,4th IMD quintile,0.352344325,0.603909255,0.04374642,4,7
North Herefordshire,18.07067103,4th IMD quintile,0.383856665,0.568023004,0.048120331,4,7
Chorley,18.06188422,4th IMD quintile,0.508788049,0.358635407,0.132576543,4,7
Penrith and Solway,18.04475752,4th IMD quintile,0.414830209,0.536840248,0.048329543,4,7
Truro and Falmouth,18.04079562,4th IMD quintile,0.361658772,0.554826527,0.083514701,4,7
Hove and Portslade,18.01142584,4th IMD quintile,0.431918924,0.496716378,0.071364698,4,7
Brighton Pavilion,17.91430794,4th IMD quintile,0.555434557,0.336073083,0.10849236,4,7
North East Derbyshire,17.89001703,4th IMD quintile,0.473431907,0.407150162,0.119417931,4,7
Chelsea and Fulham,17.84827219,4th IMD quintile,0.425725926,0.502496296,0.071777778,4,7
Aldridge-Brownhills,17.83661867,4th IMD quintile,0.530663552,0.346197244,0.123139203,4,7
"Inverness, Skye and West Ross-shire",17.80596767,4th IMD quintile,0.479947308,0.425180226,0.094872466,4,7
Forest of Dean,17.7827564,4th IMD quintile,0.369434285,0.614194354,0.016371362,4,7
South Shropshire,17.7672236,4th IMD quintile,0.326362659,0.661804596,0.011832745,4,7
Milton Keynes Central,17.72139615,4th IMD quintile,0.580000737,0.304069832,0.115929432,4,7
Bridgend,17.70174419,4th IMD quintile,0.571686848,0.350109317,0.078203835,4,7
Bangor Aberconwy,17.62218214,4th IMD quintile,0.341050839,0.615239424,0.043709737,4,7
Reading Central,17.49536364,4th IMD quintile,0.389969057,0.581803907,0.028227036,4,7
Broxbourne,17.42560145,4th IMD quintile,0.44403474,0.518595815,0.037369446,4,7
Clwyd East,17.37935044,4th IMD quintile,0.428815876,0.519422389,0.051761735,4,7
Castle Point,17.35888935,4th IMD quintile,0.487786895,0.425841856,0.086371249,4,7
West Suffolk,17.29512377,4th IMD quintile,0.353665724,0.646334276,0.0,4,7
Bexleyheath and Crayford,17.25273911,4th IMD quintile,0.538881286,0.385387157,0.075731557,4,7
Worthing West,17.21889959,4th IMD quintile,0.482961871,0.435132314,0.081905814,4,7
Carshalton and Wallington,17.19403215,4th IMD quintile,0.511578889,0.430189237,0.058231874,4,7
Na h-Eileanan an Iar,17.18656995,4th IMD quintile,0.234318862,0.765681138,0.0,4,7
Waveney Valley,17.16835274,4th IMD quintile,0.287898691,0.712101309,0.0,4,7
Aberdeenshire North and Moray East,17.1249767,4th IMD quintile,0.440262599,0.497527418,0.062209984,4,7
Chester North and Neston,17.09540581,4th IMD quintile,0.550686502,0.339524312,0.109789186,4,7
Alyn and Deeside,17.09360675,4th IMD quintile,0.539851212,0.354592479,0.105556309,4,7
"Argyll, Bute and South Lochaber",17.09347783,4th IMD quintile,0.433456013,0.493475656,0.07306833,4,7
Aberdeen North,17.0281577,4th IMD quintile,0.509222619,0.392445851,0.09833153,4,7
Battersea,17.01959165,4th IMD quintile,0.495028834,0.476051132,0.028920034,4,7
Ilford North,17.01959089,4th IMD quintile,0.454256354,0.516410087,0.029333558,4,7
Hornchurch and Upminster,16.92753609,4th IMD quintile,0.563904668,0.333789129,0.102306203,4,7
Southend West and Leigh,16.88973182,4th IMD quintile,0.512500719,0.391682804,0.095816477,4,7
Cities of London and Westminster,16.8842964,4th IMD quintile,0.492864395,0.449782681,0.057352924,4,7
Newton Abbot,16.87588539,4th IMD quintile,0.485248264,0.494989571,0.019762166,4,7
"Berwickshire, Roxburgh and Selkirk",16.86722396,4th IMD quintile,0.538129017,0.404362364,0.05750862,4,7
Colne Valley,16.76838213,4th IMD quintile,0.553310422,0.37954109,0.067148489,4,7
South Holland and The Deepings,16.74656559,4th IMD quintile,0.385055259,0.614944741,0.0,4,7
Tooting,16.74039787,4th IMD quintile,0.387188041,0.581284574,0.031527385,4,7
Exeter,16.70705438,4th IMD quintile,0.50267197,0.392928479,0.104399551,4,7
Buckingham and Bletchley,16.62121046,4th IMD quintile,0.602267582,0.304312237,0.093420182,4,7
Hexham,16.47219915,4th IMD quintile,0.516627056,0.376705279,0.106667665,4,7
Newcastle upon Tyne North,16.46543749,4th IMD quintile,0.581954207,0.296559378,0.121486414,4,7
East Worthing and Shoreham,16.41525235,4th IMD quintile,0.515910772,0.456245378,0.027843851,4,7
Harrow West,16.41059946,4th IMD quintile,0.490461294,0.509538706,0.0,4,7
"Dumfriesshire, Clydesdale and Tweeddale",16.35072676,4th IMD quintile,0.489267587,0.483998206,0.026734207,4,7
Harrow East,16.32388674,4th IMD quintile,0.448185276,0.536931086,0.014883638,4,7
Brigg and Immingham,16.31105277,4th IMD quintile,0.566256489,0.378741899,0.055001612,4,7
Central Devon,16.26959981,4th IMD quintile,0.352126175,0.647873825,0.0,4,7
Droitwich and Evesham,16.21768297,4th IMD quintile,0.505080597,0.446470665,0.048448738,4,7
Gower,16.15821016,4th IMD quintile,0.593476149,0.300270727,0.106253125,4,7
Ossett and Denby Dale,16.14814046,4th IMD quintile,0.598190661,0.347354086,0.054455253,4,7
Poole,16.13027029,4th IMD quintile,0.549554186,0.410525378,0.039920436,4,7
Dunstable and Leighton Buzzard,16.10724434,4th IMD quintile,0.566955437,0.393581285,0.039463277,4,7
Glastonbury and Somerton,16.09566406,4th IMD quintile,0.456154561,0.527829975,0.016015465,4,7
Shrewsbury,16.08817486,4th IMD quintile,0.494813011,0.419106729,0.08608026,4,7
Orpington,16.08082337,4th IMD quintile,0.610485809,0.258815437,0.130698755,4,7
Hemel Hempstead,16.06303498,4th IMD quintile,0.439421022,0.546939965,0.013639013,4,8
Sutton Coldfield,16.00432077,4th IMD quintile,0.675238199,0.233449753,0.091312048,4,8
Romford,15.99927027,4th IMD quintile,0.447946917,0.552053083,0.0,4,8
Suffolk Coastal,15.94313225,4th IMD quintile,0.453589165,0.513174264,0.03323657,4,8
Warrington South,15.93172999,4th IMD quintile,0.651972135,0.246101369,0.101926495,4,8
Edinburgh North and Leith,15.91072531,4th IMD quintile,0.588312042,0.290646111,0.121041847,4,8
South West Wiltshire,15.90556585,4th IMD quintile,0.522600403,0.436724686,0.040674911,4,8
Putney,15.89194595,4th IMD quintile,0.512324068,0.470790013,0.016885918,4,8
West Dorset,15.87805445,4th IMD quintile,0.428758077,0.556859846,0.014382077,4,8
Milton Keynes North,15.83305054,4th IMD quintile,0.548028553,0.368132742,0.083838705,4,8
Weald of Kent,15.79087066,4th IMD quintile,0.409051098,0.578013263,0.012935639,4,8
Newark,15.78861235,4th IMD quintile,0.583680784,0.319225002,0.097094214,4,8
Dunfermline and Dollar,15.77100475,4th IMD quintile,0.570273794,0.330749173,0.098977033,4,8
Staffordshire Moorlands,15.66847601,4th IMD quintile,0.577494741,0.386673374,0.035831885,4,8
Canterbury,15.65174425,4th IMD quintile,0.629183412,0.27164531,0.099171278,4,8
Lothian East,15.64738778,4th IMD quintile,0.607157984,0.343127912,0.049714104,4,8
High Peak,15.62222436,4th IMD quintile,0.571331448,0.382783329,0.045885222,4,8
Hampstead and Highgate,15.61070981,4th IMD quintile,0.566922545,0.381504299,0.051573156,4,8
Banbury,15.60694286,4th IMD quintile,0.632487102,0.287143076,0.080369822,4,8
Uxbridge and South Ruislip,15.6014245,4th IMD quintile,0.553218453,0.433938645,0.012842902,4,8
West Worcestershire,15.57696697,4th IMD quintile,0.527043183,0.43788519,0.035071627,4,8
East Kilbride and Strathaven,15.55824759,4th IMD quintile,0.482094475,0.495570552,0.022334974,4,8
Cambridge,15.51873871,4th IMD quintile,0.605430478,0.35405938,0.040510141,4,8
Thirsk and Malton,15.43221103,4th IMD quintile,0.428747157,0.556657652,0.014595191,4,8
Gedling,15.37884112,4th IMD quintile,0.547287368,0.426595349,0.026117283,4,8
Watford,15.33033553,4th IMD quintile,0.495076757,0.486488276,0.018434967,4,8
York Central,15.29771674,4th IMD quintile,0.614662949,0.318153567,0.067183484,4,8
Angus and Perthshire Glens,15.28406409,4th IMD quintile,0.549847118,0.425087943,0.025064939,4,8
Beverley and Holderness,15.27290544,4th IMD quintile,0.608702903,0.327403916,0.063893182,4,8
Maidstone and Malling,15.26853278,4th IMD quintile,0.545879777,0.400332947,0.053787276,4,8
Grantham and Bourne,15.1819798,4th IMD quintile,0.60013285,0.35397458,0.04589257,4,8
Monmouthshire,15.17964529,4th IMD quintile,0.546558833,0.453441167,0.0,4,8
Wirral West,15.06400625,4th IMD quintile,0.672141789,0.234725391,0.093132819,4,8
Fylde,15.05102853,4th IMD quintile,0.598740012,0.343843475,0.057416513,4,8
Chichester,15.04588535,4th IMD quintile,0.452258178,0.535930416,0.011811407,4,8
Stafford,15.02587203,4th IMD quintile,0.613437411,0.327107628,0.059454961,4,8
Basingstoke,15.00666754,4th IMD quintile,0.551125373,0.432540902,0.016333725,4,8
Spelthorne,14.9954681,4th IMD quintile,0.557710028,0.442289972,0.0,4,8
Finchley and Golders Green,14.96800067,4th IMD quintile,0.626097606,0.352394322,0.021508072,4,8
Epping Forest,14.9217839,4th IMD quintile,0.562669437,0.420243396,0.017087167,4,8
Stirling and Strathallan,14.91141041,4th IMD quintile,0.698745049,0.19270888,0.108546071,4,8
South Derbyshire,14.88990516,4th IMD quintile,0.55951661,0.383964904,0.056518486,4,8
Edinburgh South West,14.84797863,4th IMD quintile,0.651171154,0.246833369,0.101995477,4,8
Frome and East Somerset,14.70395272,4th IMD quintile,0.550224783,0.434733201,0.015042016,4,8
Loughborough,14.6700012,4th IMD quintile,0.62138475,0.349673775,0.028941474,4,8
Welwyn Hatfield,14.63840137,4th IMD quintile,0.547545413,0.452454587,0.0,4,8
Broxtowe,14.61604591,4th IMD quintile,0.576397098,0.358700526,0.064902376,4,8
Aldershot,14.60912429,4th IMD quintile,0.592280664,0.360137328,0.047582008,4,8
Sefton Central,14.54893711,4th IMD quintile,0.638152075,0.304683753,0.057164171,4,8
North West Leicestershire,14.53677013,4th IMD quintile,0.657296681,0.308527637,0.034175682,4,8
Braintree,14.42820305,4th IMD quintile,0.594934313,0.376717904,0.028347783,4,8
Lewes,14.4217389,4th IMD quintile,0.585514622,0.384118847,0.030366531,4,8
Rugby,14.41847975,4th IMD quintile,0.515521199,0.467613024,0.016865777,4,8
Croydon South,14.39334497,4th IMD quintile,0.608242573,0.347118295,0.044639132,4,8
Perth and Kinross-shire,14.30633419,4th IMD quintile,0.68435822,0.257980087,0.057661693,4,8
South Ribble,14.30533669,4th IMD quintile,0.639787431,0.32073254,0.039480029,4,8
Hinckley and Bosworth,14.25685057,4th IMD quintile,0.621424199,0.365374413,0.013201387,4,8
South Suffolk,14.24989872,4th IMD quintile,0.568082055,0.431917945,0.0,4,8
North East Fife,14.13090723,4th IMD quintile,0.67198915,0.268549058,0.059461792,4,8
Broadland and Fakenham,14.10416688,4th IMD quintile,0.559133409,0.440866591,0.0,4,8
Salisbury,14.01663233,4th IMD quintile,0.574305594,0.425694406,0.0,4,8
Selby,14.00480263,4th IMD quintile,0.620565232,0.365308934,0.014125834,4,8
Beckenham and Penge,13.99454852,4th IMD quintile,0.625620637,0.327705616,0.046673747,4,8
Central Suffolk and North Ipswich,13.98823229,4th IMD quintile,0.66792482,0.252830844,0.079244336,4,8
Wycombe,13.95526353,4th IMD quintile,0.555581009,0.444418991,0.0,4,8
"Moray West, Nairn and Strathspey",13.9092207,4th IMD quintile,0.638196783,0.345632248,0.016170969,4,8
Westmorland and Lonsdale,13.79797229,4th IMD quintile,0.610515475,0.389484525,0.0,4,8
Cheltenham,13.79453599,5th IMD quintile,0.638427391,0.274579596,0.086993013,5,9
Cardiff North,13.77855381,5th IMD quintile,0.710169627,0.21369852,0.076131852,5,9
North Dorset,13.75359819,5th IMD quintile,0.453038208,0.546961792,0.0,5,9
New Forest East,13.69708133,5th IMD quintile,0.61936014,0.347227558,0.033412302,5,9
"Stone, Great Wyrley and Penkridge",13.61122626,5th IMD quintile,0.648602941,0.351397059,0.0,5,9
Hertsmere,13.58622126,5th IMD quintile,0.603696933,0.381336214,0.014966853,5,9
Bury St Edmunds and Stowmarket,13.57412944,5th IMD quintile,0.619130595,0.365177707,0.015691698,5,9
Chipping Barnet,13.55713275,5th IMD quintile,0.667915077,0.307243148,0.024841776,5,9
Orkney and Shetland,13.55301928,5th IMD quintile,0.689046249,0.310953751,0.0,5,9
Maldon,13.54478011,5th IMD quintile,0.63661785,0.36338215,0.0,5,9
Witham,13.37645498,5th IMD quintile,0.599416713,0.400583287,0.0,5,9
Exmouth and Exeter East,13.35958431,5th IMD quintile,0.619231077,0.361305688,0.019463235,5,9
Wells and Mendip Hills,13.35172853,5th IMD quintile,0.708118463,0.291881537,0.0,5,9
Leeds North West,13.35150875,5th IMD quintile,0.757490142,0.135960811,0.106549047,5,9
Aylesbury,13.19709878,5th IMD quintile,0.64624491,0.342487721,0.011267369,5,9
Melksham and Devizes,13.16254232,5th IMD quintile,0.672853608,0.296404433,0.030741959,5,9
Warwick and Leamington,13.14123082,5th IMD quintile,0.665386298,0.32197798,0.012635722,5,9
Macclesfield,13.04851019,5th IMD quintile,0.662688389,0.305380147,0.031931464,5,9
Chippenham,13.03299804,5th IMD quintile,0.650765531,0.337140369,0.0120941,5,9
Romsey and Southampton North,13.0058076,5th IMD quintile,0.724016282,0.232863894,0.043119824,5,9
Daventry,12.96313508,5th IMD quintile,0.754708085,0.213812231,0.031479684,5,9
Stockton West,12.94803919,5th IMD quintile,0.687771241,0.278852996,0.033375763,5,9
Melton and Syston,12.89878663,5th IMD quintile,0.652518069,0.347481931,0.0,5,9
Aberdeen South,12.84540968,5th IMD quintile,0.62934095,0.31405618,0.05660287,5,9
Reading West and Mid Berkshire,12.83625061,5th IMD quintile,0.71332891,0.254025421,0.032645668,5,9
North West Hampshire,12.833686,5th IMD quintile,0.619609161,0.367435564,0.012955274,5,9
Fareham and Waterlooville,12.82375821,5th IMD quintile,0.680752866,0.282364719,0.036882415,5,9
East Surrey,12.79510128,5th IMD quintile,0.69283857,0.291853213,0.015308217,5,9
Tonbridge,12.75905916,5th IMD quintile,0.692761509,0.289957409,0.017281083,5,9
Sevenoaks,12.72635457,5th IMD quintile,0.654996085,0.314593382,0.030410533,5,9
Tewkesbury,12.66072751,5th IMD quintile,0.672754886,0.277426961,0.049818153,5,9
Chester South and Eddisbury,12.65988538,5th IMD quintile,0.731960739,0.253492853,0.014546408,5,9
Honiton and Sidmouth,12.65322325,5th IMD quintile,0.612777025,0.387222975,0.0,5,9
Sussex Weald,12.60748055,5th IMD quintile,0.69658991,0.260670422,0.042739668,5,9
North Bedfordshire,12.54751924,5th IMD quintile,0.731150907,0.268849093,0.0,5,9
Kingston and Surbiton,12.48884644,5th IMD quintile,0.726742196,0.257386644,0.015871161,5,9
Mid Dorset and North Poole,12.44404545,5th IMD quintile,0.694692601,0.278270949,0.027036451,5,9
Ribble Valley,12.43486622,5th IMD quintile,0.681278209,0.318721791,0.0,5,9
Skipton and Ripon,12.41437123,5th IMD quintile,0.725333202,0.263984655,0.010682142,5,9
Chelmsford,12.4041476,5th IMD quintile,0.719987984,0.263546243,0.016465773,5,9
Congleton,12.3438903,5th IMD quintile,0.748151582,0.204635531,0.047212887,5,9
New Forest West,12.29879675,5th IMD quintile,0.640903934,0.343247123,0.015848943,5,9
Cheadle,12.28470864,5th IMD quintile,0.737817766,0.220489384,0.04169285,5,9
Richmond and Northallerton,12.27899081,5th IMD quintile,0.721928785,0.278071215,0.0,5,9
Arundel and South Downs,12.11839799,5th IMD quintile,0.692984586,0.307015414,0.0,5,9
Lichfield,12.08125894,5th IMD quintile,0.750545941,0.232200247,0.017253811,5,9
Huntingdon,12.04027861,5th IMD quintile,0.689685543,0.295036364,0.015278093,5,9
South Norfolk,12.02243462,5th IMD quintile,0.752119082,0.247880918,0.0,5,9
Bromley and Biggin Hill,11.95970842,5th IMD quintile,0.793622729,0.178738365,0.027638906,5,9
North East Hertfordshire,11.95184207,5th IMD quintile,0.713076098,0.273228509,0.013695393,5,9
East Wiltshire,11.90441303,5th IMD quintile,0.753005157,0.246994843,0.0,5,9
Sleaford and North Hykeham,11.89790434,5th IMD quintile,0.737389988,0.262610012,0.0,5,9
Old Bexley and Sidcup,11.89668464,5th IMD quintile,0.807217492,0.178475812,0.014306697,5,9
Christchurch,11.89308562,5th IMD quintile,0.796666224,0.16429962,0.039034156,5,9
Stratford-on-Avon,11.87614561,5th IMD quintile,0.765901177,0.234098823,0.0,5,9
Bromsgrove,11.68277929,5th IMD quintile,0.743044223,0.237903105,0.019052673,5,9
Bath,11.67217267,5th IMD quintile,0.693241826,0.234725002,0.072033171,5,9
Goole and Pocklington,11.66524616,5th IMD quintile,0.746726997,0.21434429,0.038928713,5,9
Edinburgh South,11.61033555,5th IMD quintile,0.753995567,0.17285897,0.073145462,5,9
Brentwood and Ongar,11.6093448,5th IMD quintile,0.659480404,0.340519596,0.0,5,9
North East Somerset and Hanham,11.59710157,5th IMD quintile,0.721738629,0.278261371,0.0,5,9
Kingswinford and South Staffordshire,11.57819905,5th IMD quintile,0.735304019,0.264695981,0.0,5,9
Derbyshire Dales,11.54995203,5th IMD quintile,0.754320447,0.22758734,0.018092213,5,9
South West Devon,11.476571,5th IMD quintile,0.785476631,0.214523369,0.0,5,9
Windsor,11.46792399,5th IMD quintile,0.689133689,0.299297889,0.011568422,5,9
North Cotswolds,11.26474501,5th IMD quintile,0.776886351,0.223113649,0.0,5,9
Solihull West and Shirley,11.24984802,5th IMD quintile,0.695709665,0.274030148,0.030260187,5,9
Bracknell,11.21852128,5th IMD quintile,0.740655471,0.259344529,0.0,5,9
Ely and East Cambridgeshire,11.20196706,5th IMD quintile,0.684157726,0.315842274,0.0,5,9
Earley and Woodley,11.18058926,5th IMD quintile,0.773067966,0.161294742,0.065637292,5,9
"Harborough, Oadby and Wigston",11.12448397,5th IMD quintile,0.773959308,0.226040692,0.0,5,10
Stroud,11.11420079,5th IMD quintile,0.797565444,0.202434556,0.0,5,10
Tunbridge Wells,11.10861676,5th IMD quintile,0.761258232,0.220089347,0.01865242,5,10
Sutton and Cheam,10.9619268,5th IMD quintile,0.823323248,0.163869731,0.012807021,5,10
Woking,10.85429612,5th IMD quintile,0.757056542,0.229609199,0.013334259,5,10
Dorking and Horley,10.80291695,5th IMD quintile,0.745303254,0.254696746,0.0,5,10
Runnymede and Weybridge,10.78703543,5th IMD quintile,0.758201606,0.241798394,0.0,5,10
Wetherby and Easingwold,10.74264364,5th IMD quintile,0.879833093,0.10606485,0.014102056,5,10
Altrincham and Sale West,10.73579123,5th IMD quintile,0.836872291,0.111692945,0.051434764,5,10
Thornbury and Yate,10.72846168,5th IMD quintile,0.749058525,0.250941475,0.0,5,10
Newbury,10.72730974,5th IMD quintile,0.813797258,0.17081687,0.015385872,5,10
"Ruislip, Northwood and Pinner",10.65157792,5th IMD quintile,0.773216787,0.226783213,0.0,5,10
Bicester and Woodstock,10.6149553,5th IMD quintile,0.791499109,0.208500891,0.0,5,10
Edinburgh West,10.60503473,5th IMD quintile,0.753690528,0.220226419,0.026083053,5,10
Gordon and Buchan,10.55240702,5th IMD quintile,0.807566493,0.192433507,0.0,5,10
Harrogate and Knaresborough,10.49402679,5th IMD quintile,0.796467033,0.189234683,0.014298284,5,10
Mid Derbyshire,10.42806659,5th IMD quintile,0.815573442,0.133637123,0.050789435,5,10
Tatton,10.39564097,5th IMD quintile,0.741269891,0.238096717,0.020633392,5,10
Reigate,10.36324047,5th IMD quintile,0.79755125,0.20244875,0.0,5,10
Mid Leicestershire,10.35974937,5th IMD quintile,0.82928308,0.17071692,0.0,5,10
North West Essex,10.23232503,5th IMD quintile,0.7998744,0.2001256,0.0,5,10
Filton and Bradley Stoke,10.14945447,5th IMD quintile,0.777957268,0.222042732,0.0,5,10
East Hampshire,10.108837,5th IMD quintile,0.788291644,0.211708356,0.0,5,10
South Cotswolds,10.07421454,5th IMD quintile,0.859457445,0.140542555,0.0,5,10
East Renfrewshire,10.03885986,5th IMD quintile,0.790034544,0.172950905,0.03701455,5,10
Rutland and Stamford,10.00919441,5th IMD quintile,0.795850769,0.204149231,0.0,5,10
Horsham,9.890523048,5th IMD quintile,0.751310091,0.248689909,0.0,5,10
South West Hertfordshire,9.888535596,5th IMD quintile,0.706361829,0.276848907,0.016789264,5,10
Kenilworth and Southam,9.822602517,5th IMD quintile,0.876051511,0.123948489,0.0,5,10
Oxford West and Abingdon,9.820465941,5th IMD quintile,0.867800445,0.086652196,0.045547359,5,10
Mid Dunbartonshire,9.762479569,5th IMD quintile,0.823635754,0.167579041,0.008785204,5,10
Eastleigh,9.735928906,5th IMD quintile,0.74856566,0.25143434,0.0,5,10
Didcot and Wantage,9.679196707,5th IMD quintile,0.879700793,0.120299207,0.0,5,10
Rayleigh and Wickford,9.672697174,5th IMD quintile,0.850294035,0.149705965,0.0,5,10
St Neots and Mid Cambridgeshire,9.656305036,5th IMD quintile,0.784860485,0.215139515,0.0,5,10
Mid Bedfordshire,9.644069068,5th IMD quintile,0.864297759,0.120141771,0.01556047,5,10
Richmond Park,9.58635029,5th IMD quintile,0.866570768,0.133429232,0.0,5,10
St Albans,9.460159378,5th IMD quintile,0.822622211,0.177377789,0.0,5,10
Wimbledon,9.332594337,5th IMD quintile,0.843206547,0.156793453,0.0,5,10
Hitchin,9.305815808,5th IMD quintile,0.803573883,0.196426117,0.0,5,10
Winchester,9.239923797,5th IMD quintile,0.84791217,0.15208783,0.0,5,10
Twickenham,9.205415687,5th IMD quintile,0.871214642,0.115501941,0.013283417,5,10
Godalming and Ash,9.165109277,5th IMD quintile,0.871637476,0.128362524,0.0,5,10
South Cambridgeshire,9.114483947,5th IMD quintile,0.89128353,0.10871647,0.0,5,10
East Grinstead and Uckfield,9.079090324,5th IMD quintile,0.847756086,0.152243914,0.0,5,10
South Leicestershire,9.068274993,5th IMD quintile,0.869708968,0.130291032,0.0,5,10
Guildford,8.943358785,5th IMD quintile,0.786196445,0.213803555,0.0,5,10
Beaconsfield,8.881501964,5th IMD quintile,0.830268596,0.169731404,0.0,5,10
Farnham and Bordon,8.749443625,5th IMD quintile,0.875340818,0.124659182,0.0,5,10
Epsom and Ewell,8.747110058,5th IMD quintile,0.85732509,0.14267491,0.0,5,10
Henley and Thame,8.66510565,5th IMD quintile,0.887534445,0.084215066,0.028250489,5,10
Witney,8.644810345,5th IMD quintile,0.892369964,0.107630036,0.0,5,10
Hamble Valley,8.63634649,5th IMD quintile,0.892731547,0.092473139,0.014795314,5,10
North Somerset,8.622001131,5th IMD quintile,0.864868231,0.135131769,0.0,5,10
Sheffield Hallam,8.561057923,5th IMD quintile,0.846222679,0.140570368,0.013206953,5,10
West Aberdeenshire and Kincardine,8.274615948,5th IMD quintile,0.944797581,0.055202419,0.0,5,10
Surrey Heath,8.272938604,5th IMD quintile,0.843842257,0.156157743,0.0,5,10
Maidenhead,8.023803442,5th IMD quintile,0.840048757,0.159951243,0.0,5,10
Esher and Walton,8.012390849,5th IMD quintile,0.837152113,0.162847887,0.0,5,10
Mid Sussex,7.943571858,5th IMD quintile,0.86819641,0.13180359,0.0,5,10
Hertford and Stortford,7.791214891,5th IMD quintile,0.890812791,0.109187209,0.0,5,10
Mid Buckinghamshire,7.629418602,5th IMD quintile,0.963376489,0.036623511,0.0,5,10
South Northamptonshire,7.584964551,5th IMD quintile,0.967340009,0.032659991,0.0,5,10
York Outer,7.49582721,5th IMD quintile,0.914660228,0.07177552,0.013564252,5,10
Rushcliffe,7.166617491,5th IMD quintile,0.946941348,0.053058652,0.0,5,10
Chesham and Amersham,6.822873114,5th IMD quintile,0.923619552,0.076380448,0.0,5,10
Harpenden and Berkhamsted,6.600332396,5th IMD quintile,0.904064307,0.095935693,0.0,5,10
North East Hampshire,6.050088738,5th IMD quintile,0.974473322,0.025526678,0.0,5,10
Wokingham,5.732661846,5th IMD quintile,0.94963683,0.05036317,0.0,5,10
